BSSID,First time seen,Last time seen,channel,Speed,Privacy,Cipher,Authentication,Power,# beacons,# IV,LAN IP,ID-length,ESSID,Key,Client_Count,Vulnerability_Score,Vulnerability_level
4E:AB:F8:4C:AD:0F, 2023-11-07 12:07:08, 2023-11-07 12:24:41,  1, 130, WPA2, CCMP, PSK,-74.0,128.0,127.0,   0.  0.  0.  0,12.0, Quintamar 4G, ,4,3.0,Highest
44:48:B9:07:66:7E, 2023-11-07 12:07:51, 2023-11-07 12:24:51,  6, 130, WPA2, CCMP, PSK,-72.0,50.0,50.0,   0.  0.  0.  0,9.0, PANCURITA, ,1,1.7874015748031495,Medium
44:48:B9:49:5C:70, 2023-11-07 12:08:41, 2023-11-07 12:24:58,  6, 130, WPA2, CCMP, PSK,-74.0,93.0,33.0,   0.  0.  0.  0,15.0, Centro Casperia, ,2,1.5196850393700787,Medium
E4:57:40:E0:25:67, 2023-11-07 12:07:18, 2023-11-07 12:24:58, 11, 130, WPA2, CCMP, PSK,-70.0,41.0,7.0,   0.  0.  0.  0,11.0, VTR-2531514, ,4,1.110236220472441,Low
18:35:D1:8F:4E:61, 2023-11-07 12:07:11, 2023-11-07 12:24:57, 11, 130, WPA2, CCMP, PSK,-68.0,1519.0,4.0,   0.  0.  0.  0,11.0, VTR-4171047, ,1,1.0629921259842519,Low
40:0D:10:EB:DD:C1, 2023-11-07 12:07:37, 2023-11-07 12:24:58,  6, 130, WPA2, CCMP, PSK,-74.0,18.0,2.0,   0.  0.  0.  0,6.0, ELISSA, ,1,1.031496062992126,Low
2A:AA:E4:F6:E5:4D, 2023-11-07 12:15:48, 2023-11-07 12:17:47, 11, 180, WPA2, CCMP, PSK,-72.0,1.0,1.0,   0.  0.  0.  0,5.0, V2028, ,1,1.015748031496063,Low
E4:57:40:AC:55:F9, 2023-11-07 12:07:10, 2023-11-07 12:24:58, 11, 130, WPA2, CCMP, PSK,-58.0,2259.0,0.0,   0.  0.  0.  0,11.0, VTR-4929136, ,2,1.0,Low
8A:DE:7C:EB:8C:41, 2023-11-07 12:07:37, 2023-11-07 12:24:55,  1, 130, WPA2, CCMP, PSK,-66.0,85.0,0.0,   0.  0.  0.  0,15.0, Centro Conaripe, ,1,1.0,Low
